Handle,Title,Body (HTML),Vendor,Product Category,Type,Tags,Published,Variant SKU,Variant Price,Variant Compare At Price,Variant Inventory Tracker,Variant Inventory Qty,Variant Requires Shipping,Variant Taxable,Image Src,Image Alt Text,Status
incia-100-natural-easy-combing-spray,INCIA Natural Easy Combing Spray,"<p>INCIA Natural Easy Combing Spray — Detangling Spray for Kids with Sensitive Scalps Say goodbye to painful hair brushing with INCIA Natural Easy Combing Spray. This gentle, no-rinse detangling spray is specially formulated for children's fine, delicate hair — making combing quick, painless and tear-free. Enriched with PCA Ethyl Cocoyl Arginate (derived from coconut oil) and amino acids, it conditions, softens and hydrates hair while leaving a beautiful, light fruity fragrance.</p>
<h3>Key Benefits</h3><ul>
  <li>Detangles knots effortlessly — no more tears at brushing time</li>
  <li>No-rinse formula — spray on wet or dry hair, comb through and go</li>
  <li>PCA Ethyl Cocoyl Arginate from coconut oil conditions and hydrates</li>
  <li>Adds softness and shine without weighing fine hair down</li>
  <li>Free from petrochemicals, silicones, artificial colours and alcohol</li>
  <li>Pleasant, natural fruity and floral fragrance</li>
  <li>100% recyclable packaging — eco-conscious family care</li>
  <li>Suitable for all hair types including sensitive scalps Why Choose INCIA Easy Combing Spray?Most children's detangling sprays contain silicones and synthetic chemicals that coat the hair temporarily. INCIA uses natural, plant-derived actives to truly condition and soften hair, reducing breakage and making brushing a pleasure for both parent and child. Free from harsh chemicals and designed with sensitive young scalps in mind</li>
</ul>
<p><em>Available in 100ml.</em></p>",INCIA,Beauty & Personal Care,Personal Care,,TRUE,MINC-000117,8.00,,,,TRUE,TRUE,,,active
incia-cream-for-dry-skin,INCIA Intensive Repair Care Cream for Dry Skin,"<p>INCIA Intensive Repair Care Cream for Dry Skin — 100% Natural Moisturiser for Very Dry & Chapped Skin Deeply repair and restore even the most severely dry skin with INCIA Intensive Repair Care Cream. This 100% natural, paraben-free moisturising cream is specially formulated to work with your skin's natural barrier — not against it. Free from paraffin and alcohol that suffocate pores or dry out skin, this clean formula supports the skin's natural self-repair process while delivering intensive, long-lasting moisture.</p>
<h3>Key Benefits</h3><ul>
  <li>Intensively moisturises and repairs very dry, chapped and dehydrated skin</li>
  <li>Does not contain paraffin or alcohol — does not suffocate or dry out skin</li>
  <li>Supports the skin's natural flora and barrier function</li>
  <li>Stimulates the skin's natural self-repairing ability</li>
  <li>Suitable for dry areas: hands, elbows, heels, knees and face</li>
  <li>Free from parabens, mineral oils, synthetic fragrances and artificial preservatives</li>
  <li>Suitable for adults, children and sensitive skin types</li>
  <li>Cruelty-free Why Choose INCIA Intensive Repair Cream?Most standard moisturising creams contain paraffin (mineral oil) which creates a temporary occlusive layer that can clog pores and disrupt skin microbiome, or alcohol which dries out the skin over time. INCIA's natural formula genuinely nourishes and repairs by supporting the skin's natural barrier function without any of these harmful additives. Ideal for UK winters when skin needs real repair, not just temporary comfort</li>
</ul>
<p><em>Available in 50ml tube.</em></p>",INCIA,Beauty & Personal Care,Personal Care,,TRUE,MINC-000100,9.00,,,,TRUE,TRUE,,,active
incia-cream-for-dry-skin-and-eczema,INCIA Nourishing and Hydrating Gel for Dry Skin,"<p>INCIA Nourishing and Hydrating Gel for Dry Skin — Rich Natural Moisturiser with Shea Butter & Asiatic Acid Rescue and restore dry, dehydrated skin with INCIA Nourishing and Hydrating Gel. This 100% natural, multi-purpose moisturising gel is enriched with a powerful blend of olive oil, beeswax, shea butter, St. John's Wort oil and asiatic acid — working together to deeply nourish, protect and regenerate even the driest, most sensitive skin. Suitable for babies, children and adults alike.</p>
<h3>Key Benefits</h3><ul>
  <li>Shea butter — rich in vitamins A and E, stimulates cell renewal and deep nourishment</li>
  <li>Beeswax — hydrating and anti-inflammatory, forms a protective barrier on the skin</li>
  <li>Asiatic acid — used in traditional medicine for centuries, supports new skin cell production</li>
  <li>St. John's Wort oil — calming and healing for irritated, sensitive skin</li>
  <li>Olive oil and soy glycerides — deeply moisturising without clogging pores</li>
  <li>Suitable for babies, sensitive skin, dry skin and eczema-prone skin</li>
  <li>Free from parabens, mineral oils, synthetic fragrances and artificial preservatives Why Choose INCIA Nourishing Gel?Dry skin needs more than just surface hydration — it needs a blend of nourishing oils and actives that work deep within the skin's layers. INCIA combines traditional healing ingredients like asiatic acid and St. John's Wort with proven skin-nourishing oils and beeswax to create a formula that genuinely repairs and protects dry skin, not just temporarily masks dryness</li>
</ul>
<p><em>Available in 150ml.</em></p>",INCIA,Beauty & Personal Care,Personal Care,,TRUE,MINC-000112,9.00,,,,TRUE,TRUE,,,active
incia-eyelash-serum-for-eyelashes-and-eyebrows,INCIA Eyelash Serum for Eyelashes and Eyebrows,"<p>INCIA Eyelash Serum for Eyelashes and Eyebrows is a 100% natural serum that promotes fuller, longer lashes and thicker, more defined eyebrows. Powered by cold-pressed plant oils rich in fatty acids, vitamins and antioxidants, this serum nourishes the hair follicles to create the ideal conditions for healthy lash and brow growth.</p>
<h3>Key Benefits</h3><ul>
  <li>- Promotes fuller, longer eyelashes- Also works as a natural eyebrow serum- 100% natural with cold-pressed plant oils- Contains castor oil (known as ""wonder oil"") for intensive moisture and growth stimulation- Argan oil, sesame oil, apricot kernel oil and sweet almond oil nourish hair roots- Helps prevent lash and brow thinning and breakage- Safe for use during pregnancy and breastfeeding- Cruelty-free and vegan The science of lash growth: Every lash and brow hair grows from a follicle beneath the skin. Nourishing the follicle is the key to promoting healthy growth. Castor oil, the star ingredient in this serum, is uniquely rich in ricinoleic acid — a fatty acid that locks in moisture, conditions the hair and stimulates the hair root. Combined with antioxidant-rich sesame oil, vitamin E-packed sweet almond oil and the rejuvenating properties of argan oil, this serum delivers results visible in as little as 1-3 weeks. Apply one drop with the pipette to clean lashes and brows each evening. 10ml</li>
</ul>",INCIA,Beauty & Personal Care,Personal Care,personal-care,TRUE,MINC-000019,12.00,,,,TRUE,TRUE,,,active
incia-feminine-intimate-wash-foam,INCIA Feminine Intimate Wash Foam 200ml,"<p>INCIA Feminine Intimate Wash Foam 200ml — pH-Balanced Natural Intimate Cleanser Care for your intimate health with INCIA Feminine Intimate Wash Foam — a gentle, pH-balanced formula specifically designed for the sensitive external intimate area. With an optimal pH of 3.8, this soothing foam cleanser works in harmony with the body's natural microflora, offering thorough yet gentle daily cleansing. Enriched with aloe vera, lavender oil, and sea-sourced Saccharide Isomerate for lasting comfort and freshness.</p>
<h3>Key Benefits</h3><ul>
  <li>pH 3.8 formula perfectly matched to intimate skin's natural balance</li>
  <li>Protects and supports healthy intimate microflora</li>
  <li>Soothing aloe vera and lavender oil calm sensitive skin</li>
  <li>Saccharide Isomerate provides long-lasting moisture and comfort</li>
  <li>Gentle foaming action for thorough yet delicate cleansing</li>
  <li>Free from parabens, sulphates, synthetic fragrances, and harsh chemicals</li>
  <li>Dermatologically tested and suitable for daily use</li>
  <li>Suitable for all stages of a woman's life Why Choose INCIA Intimate Wash?Many mainstream intimate wash products contain sulphates and artificial fragrances that disrupt the intimate area's delicate pH balance, leading to irritation and discomfort. INCIA uses only naturally derived, dermatologically tested ingredients that cleanse gently without disturbing the body's natural defences — a thoughtful, clean alternative trusted by women seeking natural personal care in the UK</li>
</ul>
<p><em>Available in 200ml pump bottle.</em></p>",INCIA,Beauty & Personal Care,Personal Care,personal-care,TRUE,MINC-000109,11.00,,,,TRUE,TRUE,,,active
incia-foaming-facial-cleanser,INCIA Foaming Facial Cleanser,"<p>INCIA Foaming Facial Cleanser is a 100% natural, gentle face wash that cleanses, nourishes and hydrates your skin in one easy step. Made with Super-Fat technology, just one pump creates a rich, foamy lather that removes dirt, impurities and even make-up — without stripping your skin's natural oils or drying it out.</p>
<h3>Key Benefits</h3><ul>
  <li>- 100% natural face wash — no SLS or SLES- Works as both a cleanser and make-up remover- Hydrates while cleansing — suitable for sensitive and dry skin- Super-Fat technology preserves the skin's natural sebum layer- Contains squalane, olive oil, tea tree oil and plant-based glycerine- Gives skin a healthy glow- Free from synthetic colours and fragrances- Cruelty-free and vegan Why it's different: Most conventional face washes strip the skin's natural tallow layer with harsh surfactants like SLS. INCIA's Super-Fat technology intentionally retains a maximum amount of natural oil during the cleansing process, keeping your skin barrier intact. The formula features olive oil and coconut oil to dissolve impurities, squalane (naturally present in skin) for deep nourishment, and tea tree oil for its powerful antibacterial and anti-fungal properties — keeping your complexion clear and fresh. 125ml</li>
</ul>",INCIA,Beauty & Personal Care,Personal Care,,TRUE,MINC-000021,8.00,,,,TRUE,TRUE,,,active
incia-kids-lip-balm-orange,INCIA Kids Lip Balm Orange,"<p>INCIA Kids Lip Balm Orange — 100% Natural Lip Balm for Children with Fun Orange Flavour Keep your child's lips soft, healthy and protected with INCIA Kids Lip Balm Orange. Made from 100% natural ingredients — olive oil, beeswax, shea butter, rosehip oil and coconut oil — this gentle lip balm is perfectly safe for young children. The fun, natural orange fragrance makes lip care enjoyable, while the pure formula provides genuine, long-lasting moisture without any harmful additives.</p>
<h3>Key Benefits</h3><ul>
  <li>100% natural formula — completely safe for children</li>
  <li>Olive oil and shea butter — nourish and deeply moisturise delicate lip skin</li>
  <li>Rosehip oil — natural vitamin C supports lip skin health and regeneration</li>
  <li>Coconut oil — naturally antibacterial and deeply hydrating</li>
  <li>Beeswax — creates a gentle protective barrier against wind and cold</li>
  <li>Natural orange fragrance — fun, child-friendly citrus scent</li>
  <li>Free from synthetic fragrances, paraffin, parabens and artificial colours</li>
  <li>Suitable for sensitive skin and all ages Why Choose INCIA Kids Lip Balm?Children's lips can dry out and chap quickly, especially in cold or sunny weather. INCIA Kids Lip Balm provides gentle, safe, natural protection that parents can feel confident about — free from harmful chemicals and made with only the purest natural ingredients. Perfect for school bags, sports kits and holiday packing</li>
</ul>
<p><em>Available in 6g stick.</em></p>",INCIA,Beauty & Personal Care,Baby & Pregnancy,"baby, lip-balm",TRUE,MINC-000011,5.95,,,,TRUE,TRUE,,,active
incia-kids-lip-balm-strawberry,INCIA Kids Lip Balm Strawberry,"<p>INCIA Kids Lip Balm Strawberry — 100% Natural Lip Balm for Children with Sweet Strawberry Scent Delight your little one with INCIA Kids Lip Balm Strawberry — a 100% natural, chemical-free lip balm that kids will actually love using. Made with shea butter, coconut oil, olive oil, calendula oil and alchemilla root extract, this specially crafted kids' formula provides gentle, long-lasting moisture while soothing and protecting delicate young lips. The sweet, natural strawberry scent makes lip care feel like a treat.</p>
<h3>Key Benefits</h3><ul>
  <li>100% natural formula — completely safe for young children</li>
  <li>Shea butter and coconut oil — intensively nourish and protect delicate lips</li>
  <li>Calendula oil — calming and soothing for sensitive or irritated lip skin</li>
  <li>Alchemilla root extract (Lady's Mantle) — traditional herbal ingredient to soothe and protect</li>
  <li>Olive oil — rich natural nourishment for dry or chapped lips</li>
  <li>Beeswax — forms a gentle protective barrier against wind and cold</li>
  <li>Vitamin E — antioxidant support for healthy lip skin</li>
  <li>Natural strawberry fragrance — irresistible scent that makes lip care fun for children Why Choose INCIA Kids Lip Balm?INCIA Kids Lip Balm Strawberry is formulated with extra-gentle, soothing ingredients like calendula and alchemilla specifically chosen for young, sensitive skin. Free from synthetic fragrances, paraffin and chemical additives — parents can feel confident that their child is getting nothing but pure, natural care</li>
</ul>
<p><em>Available in 6g stick.</em></p>",INCIA,Beauty & Personal Care,Baby & Pregnancy,"baby, lip-balm",TRUE,MINC-000113,5.95,,,,TRUE,TRUE,,,active
incia-lip-balm-bergamot-lemon,INCIA Lip Balm Bergamot & Lemon,"<p>INCIA Lip Balm Bergamot & Lemon is a 100% natural lip balm that keeps your lips soft, hydrated and protected throughout the day. Made entirely from plant-based ingredients with no synthetic fragrances, dyes or preservatives, it provides lasting lip care in all weather conditions.</p>
<h3>Key Benefits</h3><ul>
  <li>- 100% natural ingredients — no synthetic fragrances or colours- Beeswax creates a protective layer to prevent dryness- Shea butter protects against environmental factors and keeps lips supple- Coconut oil, castor oil and apricot kernel oil provide deep nourishment- Keeps lips glossy and radiant all day- Cruelty-free Naturally scented with refreshing bergamot and lemon essential oils. Ideal for everyday use in all weather — cold winters, hot summers, and everything in between. Free from paraffin, synthetic dyes and artificial fragrances. 6g</li>
</ul>",INCIA,Beauty & Personal Care,Personal Care,lip-balm,TRUE,MINC-000012,5.95,,,,TRUE,TRUE,,,active
incia-lip-balm-cinnamon,INCIA Lip Balm Cinnamon,"<p>INCIA Lip Balm Cinnamon — 100% Natural Lip Balm with Warming Cinnamon & Shea Butter Warm, nourish and protect your lips with INCIA Lip Balm Cinnamon. This 100% natural lip balm combines the deeply moisturising power of shea butter, coconut oil, castor oil and rosehip oil with the warming, subtly spicy scent of natural cinnamon. Free from synthetic fragrances, paraffin and artificial additives — just pure, natural lip care.</p>
<h3>Key Benefits</h3><ul>
  <li>Shea butter — rich in vitamins A and E, intensively nourishes and softens lips</li>
  <li>Coconut oil — antibacterial and deeply moisturising natural oil</li>
  <li>Castor oil — seals in moisture and creates a natural glossy finish</li>
  <li>Rosehip oil — natural vitamin C for lip skin regeneration</li>
  <li>Vitamin E — antioxidant protection and healing support</li>
  <li>Natural cinnamon — warming, subtly spicy fragrance from nature</li>
  <li>Free from paraffin, synthetic fragrances, parabens and artificial colours</li>
  <li>Suitable for all ages including sensitive skin Why Choose INCIA Natural Lip Balm?Many popular lip balms rely on paraffin (mineral oil) for their texture — a petroleum-derived ingredient that provides only surface-level moisture. INCIA's 100% natural blend genuinely nourishes your lips from the inside out, leaving them soft and healthy with lasting moisture rather than creating a cycle of reapplication</li>
</ul>
<p><em>Available in 6g stick.</em></p>",INCIA,Beauty & Personal Care,Personal Care,lip-balm,TRUE,MINC-000013,5.95,,,,TRUE,TRUE,,,active
incia-lip-balm-coconut,INCIA Lip Balm Coconut,"<p>INCIA Lip Balm Coconut — 100% Natural Moisturising Lip Balm with Tropical Coconut & Shea ButterIndulge your lips in the tropical scent and nourishing power of INCIA Lip Balm Coconut. Made with 100% natural ingredients — shea butter, coconut oil, beeswax, castor oil and apricot kernel oil — this luxurious lip balm delivers rich, long-lasting moisture while protecting lips from harsh weather and environmental damage. The delicate natural coconut fragrance makes every application a pleasure.</p>
<h3>Key Benefits</h3><ul>
  <li>Shea butter — intensively nourishes, softens and protects lips</li>
  <li>Coconut oil — naturally antibacterial, deeply hydrating and conditioning</li>
  <li>Apricot kernel oil — lightweight oil rich in vitamins for lip skin regeneration</li>
  <li>Castor oil — seals in moisture and gives a natural glossy finish</li>
  <li>Beeswax — creates a gentle protective barrier against wind and cold</li>
  <li>Natural coconut fragrance — tropical, uplifting scent</li>
  <li>Free from paraffin, synthetic fragrances, parabens and artificial colours</li>
  <li>Ideal for dry, chapped lips in cold or dry weather — great for UK winters Why Choose INCIA Natural Lip Balm?The UK's cold, windy weather can be tough on lips. INCIA Lip Balm Coconut provides genuine, long-lasting nourishment rather than just a temporary film — meaning your lips stay soft all day without constant reapplication</li>
</ul>
<p><em>Available in 6g stick.</em></p>",INCIA,Beauty & Personal Care,Personal Care,lip-balm,TRUE,MINC-000014,5.95,,,,TRUE,TRUE,,,active
incia-lip-balm-orange,INCIA Lip Balm Orange,"<p>INCIA Lip Balm Orange — 100% Natural Moisturising Lip Balm with Orange Oil & Shea Butter Keep your lips soft, nourished and protected with INCIA Lip Balm Orange. Made with 100% natural ingredients — including shea butter, coconut oil, castor oil, rosehip oil and vitamin E — this luxurious lip balm deeply moisturises and protects lips against dryness, cracking and environmental damage. The natural orange oil gives a refreshing, uplifting scent without any synthetic fragrance.</p>
<h3>Key Benefits</h3><ul>
  <li>Shea butter — rich in vitamins A and E, intensively nourishes and softens lips</li>
  <li>Coconut oil — antibacterial and deeply moisturising</li>
  <li>Castor oil — seals in moisture and keeps lips glossy</li>
  <li>Rosehip oil — supports lip skin regeneration with natural vitamin C</li>
  <li>Vitamin E — antioxidant protection and healing</li>
  <li>Orange oil — natural, refreshing citrus fragrance</li>
  <li>Free from paraffin, synthetic fragrances, parabens and artificial colours</li>
  <li>Suitable for all ages including sensitive skin Why Choose INCIA Natural Lip Balm?Many popular lip balms contain paraffin (mineral oil) and synthetic additives that can worsen lip dryness over time. INCIA's 100% natural blend of oils and butters provides genuine, lasting nourishment — keeping lips soft and healthy rather than creating dependency on constant reapplication</li>
</ul>
<p><em>Available in 6g stick.</em></p>",INCIA,Beauty & Personal Care,Personal Care,lip-balm,TRUE,MINC-000011,5.95,,,,TRUE,TRUE,,,active
incia-natural-baby-kids-shampoo-without-sulfates-and-parabens,INCIA Natural Baby & Kids Shampoo without Sulfates and Parabens,"<p>INCIA Natural Baby & Kids Shampoo — Sulphate-Free, Paraben-Free Shampoo for Delicate Hair Give your little one's hair the gentle care it deserves with INCIA Natural Baby & Kids Shampoo. This 100% natural, sulphate-free shampoo is specially formulated for babies and children's delicate scalps — cleansing gently without disrupting the skin's natural microbiome. Free from sulphates, parabens, synthetic fragrances and harsh chemicals, it can also be used as a gentle body wash.</p>
<h3>Key Benefits</h3><ul>
  <li>Sulphate-free and paraben-free — safe for babies from newborn age</li>
  <li>Plant-based surfactants (decyl glucoside, lauryl glucoside) — extremely gentle cleansing</li>
  <li>Gel formula for easy dosing — no waste, precise application</li>
  <li>Compatible with the skin's natural flora — does not disrupt the scalp microbiome</li>
  <li>Soothes and nourishes dry, flaky scalps</li>
  <li>Can be used as both shampoo and gentle body wash</li>
  <li>Free from synthetic fragrances, mineral oils and artificial colours</li>
  <li>Cruelty-free and suitable for sensitive and eczema-prone skin Why Choose INCIA Baby & Kids Shampoo?Many children's shampoos labelled ""gentle"" or ""tear-free"" still contain sulphates that strip the scalp of natural oils and synthetic fragrances that can sensitise young skin. INCIA uses only plant-derived cleansers that work with the skin's natural balance — leaving hair clean and scalp healthy without the harmful residue. The ideal daily shampoo for babies and children with sensitive or dry scalps</li>
</ul>
<p><em>Available in 275ml.</em></p>",INCIA,Beauty & Personal Care,Baby & Pregnancy,"baby, personal-care",TRUE,MINC-000106,11.00,,,,TRUE,TRUE,,,active
incia-natural-baby-oil,INCIA Natural Baby Oil,"<p>INCIA Natural Baby Oil is a 100% natural, hypoallergenic oil specially formulated for newborns and babies with sensitive skin. Made from a blend of evening primrose, calendula, and apricot kernel oils — all cold-pressed for maximum potency — this gentle baby oil nourishes, moisturises and protects delicate skin without any harsh chemicals, parabens or synthetic fragrances.</p>
<h3>Key Benefits</h3><ul>
  <li>- Deeply moisturising and nourishing for newborn and baby skin- Hypoallergenic and dermatologically tested — safe for sensitive skin- Soothes eczema, cradle cap, itching and irritation- Free from BHT, BHA and synthetic antioxidants- Suitable as bath oil, hair oil and massage oil- Vegan and cruelty-free</li>
</ul>
<h3>Why INCIA</h3><p>Why choose a natural baby oil?  A baby's skin is far more sensitive than adult skin and absorbs what is applied to it. Many baby oils on the market contain chemical fillers and synthetic ingredients. INCIA uses only natural plant-based oils and vitamin E (tocopherol) as a natural antioxidant — no synthetic substitutes. The rich blend of olive oil, calendula, sesame, wheat germ, sweet almond and jojoba oils creates a protective barrier on the skin while deeply nourishing from within. Perfect for daily baby massage, post-bath moisturising and soothing cradle cap on the scalp. Safe for babies, children and adults alike.</p>",INCIA,Beauty & Personal Care,Baby & Pregnancy,baby,TRUE,MINC-000033,10.00,,,,TRUE,TRUE,,,active
incia-natural-deodorant-for-dark-armpits,INCIA Natural Whitening Roll On Deodorant for Dark Armpits,"<p>INCIA Natural Whitening Roll On Deodorant for Dark Armpits is a 100% natural deodorant specially formulated to address dark underarm skin while providing effective, all-day odour protection. Dark armpits affect 1 in 3 people and are commonly caused by friction, shaving, tight clothing and excess dead skin cells — this formula tackles the cause naturally.</p>
<h3>Key Benefits</h3><ul>
  <li>- Natural deodorant without synthetic aluminium- Contains liquorice extract to help lighten and even out dark underarm skin- Antibacterial and nurturing formula- Keeps skin supple and promotes faster skin cell renewal- Does not clog pores- No stains on clothing- Free from parabens and synthetic fragrances- Cruelty-free and vegan How it works: The natural liquorice extract in this formula has been shown to help reduce skin darkening and even skin tone over time. Combined with the antibacterial properties of natural mineral salts, this roll-on deodorant neutralises odour-causing bacteria at the source without harsh chemicals. Regular use helps restore a more even, natural underarm skin tone. Suitable for all skin types including sensitive skin. For best results, apply on clean, dry underarms — ideally the evening before. 50ml roll-on</li>
</ul>",INCIA,Beauty & Personal Care,Personal Care,personal-care,TRUE,MINC-000080,5.95,,,,TRUE,TRUE,,,active
incia-natural-deodorant-for-sensitive-skin,INCIA Natural Deodorant for Sensitive Skin,"<p>INCIA Natural Deodorant for Sensitive Skin is a 100% natural roll-on deodorant specially formulated for those with sensitive or easily irritated underarms. Powered by potassium alum (a natural mineral salt) and soothing aloe vera, it neutralises odour-causing bacteria without blocking pores, leaving you feeling fresh all day.</p>
<h3>Key Benefits</h3><ul>
  <li>- Natural mineral salt (alum) — powerful antibacterial action without synthetic aluminium- Aloe vera soothes and hydrates sensitive underarm skin- Does not clog pores — allows natural perspiration- No stains on clothing- Safe to use during pregnancy and breastfeeding- Can be applied immediately after shaving- Free from alcohol, parabens and synthetic fragrances- Cruelty-free and vegan Why natural deodorant? Body odour is caused when sweat mixes with bacteria — not by sweat itself. Conventional deodorants often contain synthetic aluminium salts that block sweat glands entirely and can irritate sensitive skin. INCIA's alum-based formula works by creating an antibacterial environment that prevents odour at the source, without harsh chemicals. Aloe vera in this formula has anti-inflammatory and hydrating properties, making it ideal for skin that is prone to irritation from shaving or friction. For best results, apply the evening before on clean, dry underarms. 50ml roll-on</li>
</ul>",INCIA,Beauty & Personal Care,Personal Care,personal-care,TRUE,MINC-000081,5.95,,,,TRUE,TRUE,,,active
incia-natural-dishwashing-soap,INCIA Natural Dishwashing Soap,"<p>INCIA Natural Dishwashing Soap — Eco-Friendly, Skin-Kind Washing Up Liquid Wash up with confidence knowing your hands and your family's dishes are in safe hands. INCIA Natural Dishwashing Soap is a plant-based, biodegradable washing up liquid made with over 30% plant-derived soap from olive oil, coconut oil and castor oil. Free from harsh synthetic detergents, artificial fragrances and harmful chemicals, it cuts through grease effectively while being kind to your skin.</p>
<h3>Key Benefits</h3><ul>
  <li>Made with 30%+ plant-based soap — olive oil, coconut oil and castor oil</li>
  <li>Super-fat formula conditions and hydrates hands while washing up</li>
  <li>Prevents dry, cracked hands caused by conventional washing-up liquids</li>
  <li>Fragrance-free — no artificial scents, safe for sensitive skin</li>
  <li>Biodegradable and eco-friendly — better for you and the planet</li>
  <li>Safe for washing baby bottles, children's cups and feeding equipment</li>
  <li>No parabens, sulphates or synthetic preservatives Why Choose INCIA Natural Dishwashing Soap?Conventional washing up liquids strip the skin's natural oils and leave hands dry and irritated. INCIA's unique Super-Fat technology adds back moisture as you wash, protecting your skin barrier. Its natural, plant-derived formula is also completely safe for washing baby bottles and toddler crockery — giving you peace of mind with every wash</li>
</ul>
<p><em>Available in 500ml.</em></p>",INCIA,Beauty & Personal Care,Household,household,TRUE,MINC-000029,6.50,,,,TRUE,TRUE,,,active
incia-natural-foaming-hand-soap-for-kids,INCIA Natural Foaming Hand Soap for Kids,"<p>INCIA Natural Foaming Hand Soap for Kids — Gentle, Antibacterial & 100% Natural Make hand washing fun and safe for children with INCIA Natural Foaming Hand Soap for Kids. This delightful foaming soap is made from 100% natural, plant-derived ingredients — including coconut oil and olive oil — and is completely free from harsh chemicals, synthetic fragrances and parabens. The fun foam texture encourages kids to wash their hands properly while the gentle formula keeps little hands soft and moisturised.</p>
<h3>Key Benefits</h3><ul>
  <li>100% natural, plant-based foaming formula</li>
  <li>Naturally antibacterial thanks to coconut oil (lauric acid kills bacteria gently)</li>
  <li>Conditions and moisturises while washing — no dry or sore hands</li>
  <li>Free from synthetic fragrances, parabens, sulphates and artificial preservatives</li>
  <li>Cruelty-free and not tested on animals</li>
  <li>Suitable for children with sensitive skin or eczema</li>
  <li>Fun foam texture makes hand washing enjoyable for kids Why Choose INCIA Foaming Hand Soap for Kids?Children's hands need gentler care than adults. Most conventional hand soaps contain harsh surfactants that strip the skin of its natural moisture, leaving small hands dry and cracked. INCIA uses coconut oil as a natural antibacterial agent — its lauric acid content naturally combats bacteria without damaging young, delicate skin. Safe, effective and kind to nature too</li>
</ul>
<p><em>Available in 200ml.</em></p>",INCIA,Beauty & Personal Care,Baby & Pregnancy,baby,TRUE,MINC-000082,6.00,,,,TRUE,TRUE,,,active
incia-natural-hair-serum,INCIA Natural Hair Serum,"<p>INCIA Natural Hair Serum — 10 Miracle Oils for Stronger, Shinier Hair Transform your hair care routine with INCIA Natural Hair Serum, a 100% natural treatment enriched with 10 powerful botanical oils. Formulated to tackle hair loss, thinning, and dullness from root to tip, this lightweight serum nourishes the scalp, stimulates growth and leaves hair visibly stronger, shinier and more vibrant. Free from silicones, mineral oils and synthetic additives.</p>
<h3>Key Benefits</h3><ul>
  <li>10 natural oils in one — including olive, sweet almond, argan and more</li>
  <li>Helps combat hair loss and thinning with regular use</li>
  <li>Massaged into the scalp to nourish follicles and stimulate hair growth</li>
  <li>Adds brilliant shine and reduces frizz from root to tip</li>
  <li>Moisturises and volumises without weighing hair down</li>
  <li>Free from silicones, parabens, mineral oils and synthetic fragrances</li>
  <li>Suitable for all hair types — fine, thick, curly or colour-treated</li>
  <li>Cruelty-free and dermatologically tested Why Choose INCIA Natural Hair Serum?Most hair serums contain silicone that coats the hair shaft and gives temporary shine while blocking moisture absorption. INCIA's 100% natural oil blend works differently — it penetrates the hair fibre and scalp to provide genuine nourishment, support healthy hair growth and improve hair health from the inside out. A little goes a long way with this concentrated natural formula</li>
</ul>
<p><em>Available in 30ml.</em></p>",INCIA,Beauty & Personal Care,Personal Care,personal-care,TRUE,MINC-000116,10.45,,,,TRUE,TRUE,,,active
incia-natural-herbal-shampoo,INCIA Natural Herbal Shampoo 275ml,"<p>INCIA Natural Herbal Shampoo 275ml — 100% Natural Shampoo with 8 Plant & Herbal Extracts Nourish your scalp and hair from root to tip with INCIA Natural Herbal Shampoo. Enriched with 8 powerful plant and herbal extracts, this 100% natural, vegan shampoo cleanses thoroughly while promoting healthy hair growth, reducing hair loss and leaving hair visibly stronger and more vibrant. Free from silicones, synthetic conditioners, artificial fragrances and petrochemical derivatives.</p>
<h3>Key Benefits</h3><ul>
  <li>8 natural herbal extracts — nourish scalp and promote healthy hair growth</li>
  <li>Plant-based surfactants (coco-glucoside, lauryl glycoside) — gentle, effective cleansing</li>
  <li>Stimulates hair follicles and encourages thicker, fuller-looking hair</li>
  <li>Suitable for all hair types — fine, thick, curly, colour-treated or damaged</li>
  <li>Free from silicones, parabens, SLS/SLES, artificial fragrances and mineral oils</li>
  <li>Vegan and cruelty-free formula</li>
  <li>Biodegradable — kind to the environment Why Choose INCIA Natural Herbal Shampoo?Conventional shampoos often contain silicones and synthetic conditioners that temporarily coat the hair shaft, creating the illusion of shine while blocking true nourishment. INCIA's 100% natural formula uses plant-derived cleansers and real herbal extracts that work with your scalp's natural processes — strengthening hair over time, reducing breakage and supporting healthier hair growth without chemical build-up</li>
</ul>
<p><em>Available in 275ml.</em></p>",INCIA,Beauty & Personal Care,Personal Care,personal-care,TRUE,MINC-000061,9.00,,,,TRUE,TRUE,,,active
incia-natural-liquid-laundry-liquid-soap,INCIA Natural Baby Laundry Liquid Soap,"<p>INCIA Natural Baby Laundry Liquid Soap — Gentle, Hypoallergenic Washing Liquid for Babies & Sensitive Skin Keep your baby's clothes, muslins and bedding perfectly clean with INCIA Natural Baby Laundry Liquid Soap. Specially formulated for delicate baby skin, this hypoallergenic liquid detergent is free from harsh chemicals, synthetic fragrances and artificial dyes — making it safe for even the most sensitive newborn skin.</p>
<h3>Key Benefits</h3><ul>
  <li>Hypoallergenic and dermatologically tested — safe for newborns and sensitive skin</li>
  <li>Free from synthetic fragrances, dyes and parabens</li>
  <li>Contains coconut soap — a powerful natural stain remover</li>
  <li>Effective on white, dark and coloured laundry</li>
  <li>Suitable for babies with eczema, dry skin or skin allergies</li>
  <li>Biodegradable formula — kind to your family and the environment</li>
  <li>Safe for use in standard and high-efficiency washing machines Why Choose INCIA Baby Laundry Soap?Many conventional laundry detergents contain chemical surfactants and artificial fragrances that remain on fabric fibres and can irritate a baby's delicate skin. INCIA uses only natural, plant-derived ingredients including coconut soap — one of nature's most effective stain fighters — to give you a thorough clean without the harmful residue. It's the responsible choice for families who care about what touches their baby's skin every day.  Suitable from birth</li>
</ul>
<p><em>Available in 750ml.</em></p>",INCIA,Beauty & Personal Care,Household,"baby, household",TRUE,MINC-000039,8.50,,,,TRUE,TRUE,,,active
incia-natural-remedy-for-insect-bites,INCIA Natural Remedy for Insect Bites,"<p>INCIA Natural Remedy for Insect Bites is a 100% natural insect repellent lotion that protects against mosquitoes, ticks, midges and other biting insects for up to 6 hours — without any DEET. With UK summers increasingly attracting midges, mosquitoes and the risk of tick-borne diseases like Lyme disease, this is a must-have for outdoor families.</p>
<h3>Key Benefits</h3><ul>
  <li>- DEET-free natural insect repellent- Up to 6 hours of protection against mosquitoes and ticks- Micro-encapsulated lemon eucalyptus oil for prolonged, controlled release- Suitable for babies, children and adults- Hypoallergenic — gentle on sensitive skin- Hydrating formula with squalane and vitamin E — won’t dry out skin- 100% natural ingredients- Cruelty-free and vegan The micro-encapsulation technology: Unlike conventional insect repellents, INCIA uses micro-encapsulated lemon eucalyptus oil. The oil is stored in 100% natural microcapsules invisible to the naked eye. These capsules release the repellent gradually and in a controlled manner — keeping insects at bay for significantly longer than standard formulas. The microcapsules are completely skin-safe and biodegradable. Apply to exposed skin and reapply every 6 hours for optimal protection. 100ml</li>
</ul>",INCIA,Beauty & Personal Care,Personal Care,,TRUE,MINC-000079,10.00,,,,TRUE,TRUE,,,active
incia-natural-sunscreen,INCIA Natural Sunscreen Lotion for All Family,"<p>INCIA Natural Sunscreen Lotion for All Family SPF50 — Mineral Sun Protection for the Whole Family Protect every member of your family with confidence using INCIA Natural Sunscreen Lotion SPF50. This 100% natural, mineral sunscreen uses non-nano, Ecocert-certified titanium dioxide as its active UV filter — reflecting harmful UVA and UVB rays rather than absorbing them into the skin. Safe for adults, children and sensitive skin types, this clean formula contains no synthetic chemicals that can enter the bloodstream.</p>
<h3>Key Benefits</h3><ul>
  <li>SPF50 broad-spectrum UVA & UVB mineral sun protection</li>
  <li>Non-nano Ecocert-certified titanium dioxide — reflects UV rays safely</li>
  <li>100% natural formula — no chemical UV filters, parabens or mineral oils</li>
  <li>Suitable for the whole family including young children</li>
  <li>Gentle enough for sensitive, reactive or eczema-prone skin</li>
  <li>Does not absorb into the bloodstream — unlike chemical sunscreens</li>
  <li>Lightweight lotion texture — comfortable for daily summer use</li>
  <li>Dermatologically tested and cruelty-free Why Choose a Mineral Sunscreen?Chemical sunscreens work by absorbing UV radiation into the skin, where it is converted to heat — a process that can irritate sensitive skin and raise concerns about systemic absorption. INCIA's mineral formula reflects UV rays on the skin's surface, providing effective sun protection without the chemicals. The ideal choice for eco-conscious families who want safe, clean sun care</li>
</ul>
<p><em>Available in 100ml.</em></p>",INCIA,Beauty & Personal Care,Sun Care,sun,TRUE,MINC-000108,14.00,,,,TRUE,TRUE,,,active
incia-natural-sunscreen-for-baby-and-child-spf50,INCIA Natural Sunscreen for Baby and Child SPF50,"<p>INCIA Natural Sunscreen for Baby and Child SPF 50 is a mineral, chemical-free sunscreen specially formulated for the sensitive skin of babies and young children. With a high SPF 50 protection factor, it shields against both UVA and UVB rays while being completely free from parabens, synthetic fragrances and harmful chemicals.</p>
<h3>Key Benefits</h3><ul>
  <li>- SPF 50 mineral protection against UVA and UVB radiation- 100% natural, chemical-free formula- Non-nano titanium dioxide — works immediately on application- Waterproof formula- Suitable for the most sensitive baby and child skin- Contains tamanu oil for antioxidant and anti-ageing properties- Cruelty-free and vegan Why mineral sunscreen? Unlike chemical sunscreens, mineral sunscreen sits on top of the skin and reflects UV rays rather than absorbing them. This means no chemicals are absorbed into your child's body. Chemical filters from conventional sunscreens can also harm aquatic ecosystems — INCIA's natural formula is kinder to the environment too. All plant-based oils in this sunscreen are cold-pressed under ideal conditions to preserve their beneficial properties. The formula contains calendula oil and tamanu oil (Calophyllum Inophyllum) for additional skin nourishment and protection. Perfect for the beach, the park, or any sunny UK day — even when it looks cloudy, up to 80% of UV rays still penetrate through clouds</li>
</ul>",INCIA,Beauty & Personal Care,Sun Care,"baby, sun",TRUE,MINC-000101,13.00,,,,TRUE,TRUE,,,active
incia-natural-sunscreen-for-face-spf50,INCIA Natural Sunscreen for Face SPF50,"<p>INCIA Natural Sunscreen for Face SPF50 — Anti-Ageing Mineral Face Sunscreen with Hyaluronic Acid Your daily natural face protection is here. INCIA Natural Sunscreen for Face SPF50 combines powerful mineral sun protection with anti-ageing skincare in one lightweight, 100% natural formula. Using non-nano, Ecocert-certified titanium dioxide to reflect UVA and UVB rays, plus hyaluronic acid to plump and hydrate, it protects your skin from both sun damage and premature ageing — without chemical filters or synthetic additives.</p>
<h3>Key Benefits</h3><ul>
  <li>SPF50 broad-spectrum UVA & UVB mineral protection for the face</li>
  <li>Hyaluronic acid — attracts and retains moisture, plumps skin and reduces fine lines</li>
  <li>Natural oils and botanical acids protect against sun-induced premature ageing</li>
  <li>Non-nano Ecocert titanium dioxide — reflects UV without skin absorption</li>
  <li>No synthetic fragrances, parabens, mineral oils or chemical UV filters</li>
  <li>Contributes to a natural, healthy glow on the face</li>
  <li>Lightweight formula — ideal as a daily moisturiser with SPF</li>
  <li>Suitable for sensitive and reactive skin types Why Choose INCIA Face Sunscreen?Sun exposure is the primary cause of premature skin ageing. INCIA Natural Face Sunscreen SPF50 gives you effective daily protection while simultaneously hydrating and caring for your skin with hyaluronic acid and nourishing natural ingredients. The mineral formula is free from chemical UV filters and is gentle enough for daily use on even the most sensitive facial skin</li>
</ul>
<p><em>Available in 50ml tube.</em></p>",INCIA,Beauty & Personal Care,Sun Care,sun,TRUE,MINC-000065,12.00,,,,TRUE,TRUE,,,active
incia-natural-toothpaste,INCIA Natural Toothpaste,"<p>INCIA Natural Toothpaste — Fluoride-Free, SLS-Free Natural Toothpaste with Xylitol & Cinnamon Clean your teeth naturally without the harsh chemicals found in conventional toothpastes. INCIA Natural Toothpaste is a 100% natural, fluoride-free toothpaste formulated with xylitol to fight bacteria, cinnamon extract as a natural preservative with anti-inflammatory properties, and plant-derived coconut soap for gentle, effective cleansing. Free from SLS, SLES and synthetic preservatives.</p>
<h3>Key Benefits</h3><ul>
  <li>Xylitol — naturally reduces harmful oral bacteria and prevents tooth decay</li>
  <li>Cinnamon extract — natural preservative with anti-inflammatory, antibacterial properties</li>
  <li>Potassium cocoate (coconut soap) — gentle plant-based cleaning agent</li>
  <li>Free from SLS and SLES — no harsh foaming agents that dry out oral tissue</li>
  <li>Free from fluoride, parabens, artificial flavours and synthetic preservatives</li>
  <li>Hydrated silica — gentle abrasive for effective plaque removal</li>
  <li>Glycerine — keeps gums and mouth tissue moisturised</li>
  <li>Suitable for adults, teens and those with sensitive gums Why Choose INCIA Natural Toothpaste?Many conventional toothpastes contain SLS (sodium lauryl sulphate) which can irritate the gum tissue and disrupt the mouth's natural microbiome. INCIA uses only plant-derived, naturally derived actives — xylitol for cavity prevention, cinnamon for natural antibacterial action, and coconut-derived soap for a thorough yet gentle clean. A cleaner choice for your daily oral care routine.  Contains xylitol — keep away from pets</li>
</ul>
<p><em>Available in 50ml tube.</em></p>",INCIA,Beauty & Personal Care,Personal Care,personal-care,TRUE,MINC-000118,7.00,,,,TRUE,TRUE,,,active
incia-nipple-cream,INCIA Nipple Cream,"<p>INCIA Nipple Cream — 100% Natural, Breastfeeding-Safe Nipple Balm Soothe, protect and heal sore, cracked nipples with INCIA Nipple Cream — a 100% natural balm made with the safest, purest ingredients available. Enriched with olive oil, beeswax, shea butter, calendula oil and vitamin E, this gentle nipple cream provides instant relief from soreness, helps prevent and heal cracks, and is completely safe for both mother and baby during breastfeeding — no need to wipe off before feeding.</p>
<h3>Key Benefits</h3><ul>
  <li>100% natural formula — completely safe for mother and baby during breastfeeding</li>
  <li>Olive oil and shea butter — deeply nourishing and healing for sore, cracked skin</li>
  <li>Calendula oil — traditionally used to soothe inflamed and irritated skin</li>
  <li>Beeswax — creates a protective barrier to lock in moisture</li>
  <li>Vitamin E — antioxidant, supports skin repair and healing</li>
  <li>No need to remove before breastfeeding — safe to use immediately before feeds</li>
  <li>Free from petroleum-derived ingredients that can affect hormone levels</li>
  <li>Free from parabens, synthetic fragrances and artificial preservatives Why Choose INCIA Nipple Cream?Many conventional nipple creams contain petroleum-derived ingredients (like lanolin or mineral oil) that can form an artificial barrier and may raise concerns about safety during breastfeeding. INCIA uses only 100% natural, plant-based ingredients that are safe for your skin and your baby. The cream absorbs naturally, providing genuine healing rather than just temporary relief</li>
</ul>
<p><em>Available in 30ml.</em></p>",INCIA,Beauty & Personal Care,Baby & Pregnancy,baby,TRUE,MINC-000105,8.00,,,,TRUE,TRUE,,,active
incia-preventive-and-natural-diaper-rash-gel,INCIA Preventive and Natural Diaper Rash Gel,"<p>INCIA Preventive and Natural Diaper Rash Gel is a 100% natural nappy rash cream formulated with the softest, most sensitive baby skin in mind. With an improved water-based formula for lighter texture and faster absorption, this gentle gel soothes redness, relieves irritation and helps restore the natural skin barrier — making nappy changes kinder on your baby.</p>
<h3>Key Benefits</h3><ul>
  <li>- Helps relieve and prevent nappy rash (diaper rash)- Hypoallergenic and dermatologically tested- Soothes redness and irritation with natural oils and shea butter- Contains St. John's Wort oil — ideal for minor grazes and bumps- New water-based formula absorbs quickly, no greasy residue- 100% natural and now fully vegan- Cruelty-free Nappy rash affects most babies at some point — caused by prolonged contact with urine or faeces, friction or sensitive skin. INCIA's formula uses Centella Asiatica extract (asiaticoside, madecassic acid), sea buckthorn oil, calendula oil and jojoba oil to nourish, protect and speed up the skin's natural recovery. The mild Zinc PCA content helps calm redness without the heavy, occlusive feeling of traditional zinc oxide nappy creams. Also works as a gentle first-aid cream for toddlers' scrapes and minor skin irritations. Apply a thin layer to clean, dry skin at each nappy change. 60ml tube</li>
</ul>",INCIA,Beauty & Personal Care,Baby & Pregnancy,baby,TRUE,MINC-000103,10.00,,,,TRUE,TRUE,,,active
incia-sos-stick,INCIA SOS Stick,"<p>INCIA SOS Stick — Intensive Natural Healing Balm for Dry, Cracked & Damaged Skin The ultimate multitasking natural remedy for skin that needs urgent rescue. INCIA SOS Stick is a concentrated, 100% natural healing balm packed with 9 powerful botanical oils and butters — including rare sea buckthorn oil, shea butter, calendula oil and St. John's Wort — to deeply repair, soothe and protect even the most cracked, dry or irritated skin.</p>
<h3>Key Benefits</h3><ul>
  <li>Sea buckthorn oil — rich in Omega-7, promotes rapid cell regeneration</li>
  <li>St. John's Wort oil — traditionally used to soothe inflamed and irritated skin</li>
  <li>Calendula oil — calming and healing for sensitive and reactive skin</li>
  <li>Shea butter — deeply nourishing and long-lasting moisture barrier</li>
  <li>Evening primrose & borage oil — essential fatty acids for skin repair</li>
  <li>Vitamin E — natural antioxidant to protect and renew skin cells</li>
  <li>Beeswax — forms a protective barrier to lock in moisture</li>
  <li>Free from parabens, mineral oils, artificial fragrances and preservatives</li>
  <li>Cruelty-free formula Why Choose INCIA SOS Stick?Whether it's cracked heels, chapped lips, dry cuticles, rough elbows or irritated patches, INCIA SOS Stick delivers rapid, natural relief. This concentrated stick format means no mess, perfect portability and precise application — ideal for handbag, gym bag or travel. A true SOS for skin that needs instant care. 5g solid stick</li>
</ul>
<p><em>Available in 9.</em></p>",INCIA,Beauty & Personal Care,Personal Care,,TRUE,MINC-000102,9.50,,,,TRUE,TRUE,,,active
incia-strecth-mark-gel-cream-75ml,INCIA Stretch Mark Gel Cream 75ml,"<p>INCIA Stretch Mark Gel Cream is a 100% natural, multi-purpose body cream specially formulated to help prevent and reduce the appearance of stretch marks on dry and damaged skin. Whether you're pregnant, recovering from weight changes, or simply dealing with dry skin, this rich cream delivers intensive nourishment and helps maintain skin elasticity.</p>
<h3>Key Benefits</h3><ul>
  <li>- Helps prevent and reduce stretch marks (striae)- Contains dragon's blood resin (Croton Lechleri) for skin firming- Deeply hydrating and protective formula- Rich in shea butter, argan oil and apricot kernel oil for a natural glow- 100% natural — no synthetic fragrances or colourants- Safe for use during pregnancy- Cruelty-free and vegan The power of dragon's blood: One of the star ingredients in this cream is dragon's blood, a resin from the Croton Lechleri tree of South America, used in traditional medicine for centuries. When applied to the skin, it forms a protective layer, has antibacterial properties, and firms skin tissue — helping to restore the skin's natural structure and resilience. Combined with nourishing shea butter (rich in vitamins A and E), argan oil for long-lasting hydration, and apricot kernel oil for a natural glow, this cream is a complete treat for your skin. Use daily after showering on the abdomen, breasts, hips and thighs — all common areas for stretch marks. 75ml</li>
</ul>",INCIA,Beauty & Personal Care,Baby & Pregnancy,baby,TRUE,MINC-000104,13.50,,,,TRUE,TRUE,,,active
