our_handle	sku	hemnature_handle
incia-100-natural-easy-combing-spray	MINC-000117	incia-kids-easy-hair-spray-anti-klit
incia-cream-for-dry-skin	MINC-000100	incia-hydraterende-creme
incia-cream-for-dry-skin-and-eczema	MINC-000112	incia-verzorgende-en-hydraterende-gel-voor-de-droge-huid
incia-eyelash-serum-for-eyelashes-and-eyebrows	MINC-000019	incia-wimperserum-voor-wimpers-en-wenkbrauwen
incia-feminine-intimate-wash-foam	MINC-000109	incia-feminine-intimate-wash-foam
incia-foaming-facial-cleanser	MINC-000021	incia-schuimende-gezichtsreiniger
incia-kids-lip-balm-orange	MINC-000011	incia-lippenbalsem-orange
incia-kids-lip-balm-strawberry	MINC-000113	incia-kids-lippenbalsem-aardbei
incia-lip-balm-bergamot-lemon	MINC-000012	incia-lippenbalsem-bergamot-lemon
incia-lip-balm-cinnamon	MINC-000013	NO_MATCH
incia-lip-balm-coconut	MINC-000014	lippenbalsem-coconut
incia-lip-balm-orange	MINC-000011	incia-lippenbalsem-orange
incia-natural-baby-kids-shampoo-without-sulfates-and-parabens	MINC-000106	NO_MATCH
incia-natural-baby-oil	MINC-000033	incia-natuurlijke-baby-olie
incia-natural-deodorant-for-dark-armpits	MINC-000080	incia-natuurlijke-deodorant-voor-donkere-oksels
incia-natural-deodorant-for-sensitive-skin	MINC-000081	incia-natuurlijke-deodorant-voor-de-gevoelige-huid
incia-natural-dishwashing-soap	MINC-000029	NO_MATCH
incia-natural-foaming-hand-soap-for-kids	MINC-000082	incia-natuurlijke-schuimende-handzeep-kinderen
incia-natural-herbal-shampoo	MINC-000061	incia-shampoo-volwassene
incia-natural-liquid-laundry-liquid-soap	MINC-000039	natuurlijk-vloeibare-wasmiddel
incia-natural-remedy-for-insect-bites	MINC-000079	incia-natuurlijk-middel-tegen-insectenbeten-en-muggen
incia-natural-sunscreen	MINC-000108	incia-zonnebrand-voor-het-hele-gezin
incia-natural-sunscreen-for-baby-and-child-spf50	MINC-000101	NO_MATCH
incia-natural-sunscreen-for-face-spf50	MINC-000065	incia-natuurlijke-zonnebrandcreme-gezicht-spf50
incia-natural-toothpaste	MINC-000118	incia-natuurlijke-tandpasta-voor-baby-s-en-kinderen-zonder-fluoride-1
incia-nipple-cream	MINC-000105	incia-tepel-zalf
incia-preventive-and-natural-diaper-rash-gel	MINC-000103	incia-preventieve-en-natuurlijke-luieruitslag-gel
incia-sos-stick	MINC-000102	incia-sos-stick
incia-strecth-mark-gel-cream-75ml	MINC-000104	incia-striae-creme-200ml
incia-natural-hair-serum	MINC-000116	incia-natuurlijk-haarverzorgingsserum-30-ml
